Title,Subject,Audience,"Send Date","Send Weekday","Total Recipients","Successful Deliveries","Soft Bounces","Hard Bounces","Total Bounces","Times Forwarded","Forwarded Opens","Unique Opens","Open Rate","Total Opens","Unique Clicks","Click Rate","Total Clicks",Unsubscribes,"Abuse Complaints","Times Liked on Facebook","Folder Id","Unique Id","Total Orders","Total Gross Sales","Total Revenue","Analytics ROI","Campaign Cost","Revenue Created",Visits,"New Visits",Pages/Visit,"Bounce Rate","Time on Site","Goal Conversion Rate","Per Visit Goal Value",Transactions,"Ecommerce Conversion Rate","Per Visit Value","Average Value"
"Gallery Sign-Ins","Hi *|FNAME|*, take a look at some of our specials!","Zenfolio Photo Gallery Sign Ins","Feb 21, 2016 06:10 pm",Sunday,350,330,2,18,20,0,0,204,61.82%,428,15,4.55%,15,6,0,0,11281,2c31ea877a,0,0,0,n/a,n/a,n/a,n/a,n/a,n/a,n/a,n/a,n/a,n/a,n/a,n/a,n/a,n/a
"Vendor Partnership","Raj Photo Video Partnership","Vendor Partners of Raj Photo Video","Jan 06, 2018 07:00 pm",Saturday,69,68,1,0,1,0,0,42,61.76%,219,2,2.94%,3,0,0,0,11281,15c930eb0b,0,0,0,0.00%,$0.23,$0.00,2,1,1,100.00%,00:00,0.00%,$0.00,0,0.00%,$0.00,$0.00
"Venue Partnership","Raj Photo Video Partnership","Venue Partners","Jan 06, 2018 08:42 pm",Saturday,39,37,2,0,2,0,0,23,62.16%,97,2,5.41%,2,0,0,0,11281,78536ef607,0,0,0,n/a,n/a,n/a,n/a,n/a,n/a,n/a,n/a,n/a,n/a,n/a,n/a,n/a,n/a
"[Re-sent] Vendor Partnership","Raj Photo Video Partnership","Vendor Partners of Raj Photo Video","Jan 07, 2018 07:09 pm",Sunday,37,36,1,0,1,0,0,15,41.67%,134,1,2.78%,1,0,0,0,11281,3b1c98338e,0,0,0,0.00%,$0.12,$0.00,1,1,1,100.00%,00:00,0.00%,$0.00,0,0.00%,$0.00,$0.00
"Neha & Ankur's RSPC Updates","*|COUPLE|*'s Wedding Film Collection: Now Streaming! 🎥","Guest Content Notifications","Jan 16, 2018 07:00 pm",Tuesday,5,3,0,2,2,0,0,1,33.33%,1,1,33.33%,4,0,0,0,11577,a53e7e50a4,0,0,0,n/a,n/a,n/a,n/a,n/a,n/a,n/a,n/a,n/a,n/a,n/a,n/a,n/a,n/a
"[Re-sent] Venue Partnership","Raj Photo Video Partnership","Venue Partners","Jan 18, 2018 09:20 am",Thursday,17,15,2,0,2,0,0,2,13.33%,4,1,6.67%,1,0,0,0,0,a6f3773bc4,0,0,0,n/a,n/a,n/a,n/a,n/a,n/a,n/a,n/a,n/a,n/a,n/a,n/a,n/a,n/a
"Neha & Ankur's RSPC Updates","Neha & Ankur's Wedding Film Collection: Now Streaming! 🎥","Guest Content Notifications","Jan 21, 2018 12:01 pm",Sunday,4,3,0,1,1,0,0,1,33.33%,2,0,0.00%,0,0,0,0,11577,adf140b001,0,0,0,n/a,n/a,n/a,n/a,n/a,n/a,n/a,n/a,n/a,n/a,n/a,n/a,n/a,n/a
"Karen & Salman's RSPC Updates","Karen & Salman's Wedding Film Collection: Now Streaming! 🎥","Guest Content Notifications","Jan 25, 2018 07:02 am",Thursday,33,26,3,4,7,0,0,15,57.69%,52,11,42.31%,31,0,0,0,11577,d31e5b6e3a,0,0,0,n/a,n/a,n/a,n/a,n/a,n/a,n/a,n/a,n/a,n/a,n/a,n/a,n/a,n/a
"Neha & Ankur's RSPC Updates","Neha & Ankur's Wedding Film Collection: Now Streaming! 🎥","Guest Content Notifications","Jan 28, 2018 09:00 am",Sunday,3,3,0,0,0,0,0,2,66.67%,7,0,0.00%,0,0,0,0,11577,be70956a9b,0,0,0,n/a,n/a,n/a,n/a,n/a,n/a,n/a,n/a,n/a,n/a,n/a,n/a,n/a,n/a
"Yudelkis & Stephen's RSPC Updates","Yudelkis & Stephen's Wedding Film Collection: Now Streaming! 🎥","Guest Content Notifications","Jan 30, 2018 11:01 am",Tuesday,6,6,0,0,0,0,0,3,50.00%,37,2,33.33%,13,0,0,0,11577,b56e614fe0,0,0,0,n/a,n/a,n/a,n/a,n/a,n/a,n/a,n/a,n/a,n/a,n/a,n/a,n/a,n/a
"Karen & Salman's RSPC Updates","Karen & Salman's Wedding Film Collection: Now Streaming! 🎥","Guest Content Notifications","Feb 02, 2018 11:01 am",Friday,32,29,3,0,3,0,0,16,55.17%,67,11,37.93%,89,0,0,0,11577,181e137f4d,0,0,0,n/a,n/a,n/a,n/a,n/a,n/a,n/a,n/a,n/a,n/a,n/a,n/a,n/a,n/a
"Yudelkis & Stephen's RSPC Updates","Yudelkis & Stephen's Wedding Film Collection: Now Streaming! 🎥","Guest Content Notifications","Feb 09, 2018 11:00 am",Friday,13,13,0,0,0,0,0,4,30.77%,57,2,15.38%,30,0,0,0,11577,f68c330066,0,0,0,n/a,n/a,n/a,n/a,n/a,n/a,n/a,n/a,n/a,n/a,n/a,n/a,n/a,n/a
"Karen & Salman's RSPC Updates","Karen & Salman's Wedding Film Collection: Now Streaming! 🎥","Guest Content Notifications","Feb 09, 2018 11:02 am",Friday,34,31,3,0,3,0,0,13,41.94%,40,5,16.13%,13,0,0,0,11577,472bfaac10,0,0,0,n/a,n/a,n/a,n/a,n/a,n/a,n/a,n/a,n/a,n/a,n/a,n/a,n/a,n/a
"Neha & Ankur's RSPC Updates","Neha & Ankur's Wedding Film Collection: Now Streaming! 🎥","Guest Content Notifications","Feb 11, 2018 09:02 am",Sunday,3,3,0,0,0,0,0,0,0.00%,0,0,0.00%,0,0,0,0,11577,1419743bd5,0,0,0,n/a,n/a,n/a,n/a,n/a,n/a,n/a,n/a,n/a,n/a,n/a,n/a,n/a,n/a
"Harini & Vivek's RSPC Updates","Harini & Vivek's Wedding Film Collection: Now Streaming! 🎥","Guest Content Notifications","Mar 04, 2018 12:02 pm",Sunday,31,31,0,0,0,0,0,17,54.84%,135,12,38.71%,54,0,0,0,11577,89e65367f1,0,0,0,n/a,n/a,n/a,n/a,n/a,n/a,n/a,n/a,n/a,n/a,n/a,n/a,n/a,n/a
"Harini & Vivek's RSPC Updates","Harini & Vivek's Wedding Film Collection: Now Streaming! 🎥","Guest Content Notifications","Mar 21, 2018 02:00 pm",Wednesday,42,42,0,0,0,0,0,23,54.76%,155,14,33.33%,58,0,0,0,11577,26146bcfb0,0,0,0,n/a,n/a,n/a,n/a,n/a,n/a,n/a,n/a,n/a,n/a,n/a,n/a,n/a,n/a
"Sapna & Shyam's RSPC Updates","Sapna & Shyam's Wedding Film Collection: Now Streaming! 🎥","Guest Content Notifications","Mar 23, 2018 02:01 pm",Friday,33,30,3,0,3,0,0,16,53.33%,83,11,36.67%,39,0,0,0,11577,6582ee6ae4,0,0,0,n/a,n/a,n/a,n/a,n/a,n/a,n/a,n/a,n/a,n/a,n/a,n/a,n/a,n/a
"Sapna & Shyam's RSPC Updates","Sapna & Shyam's Wedding Film Collection: Day 2 Now Streaming! 🎥","Guest Content Notifications","Mar 30, 2018 03:01 pm",Friday,33,30,3,0,3,0,0,14,46.67%,92,9,30.00%,58,0,0,0,11577,a9f45a1cf4,0,0,0,n/a,n/a,n/a,n/a,n/a,n/a,n/a,n/a,n/a,n/a,n/a,n/a,n/a,n/a
"Diana & Shaun's RSPC Updates","Diana & Shaun's Wedding Film Collection: Now Streaming! 🎥","Guest Content Notifications","Apr 01, 2018 12:02 pm",Sunday,5,5,0,0,0,0,0,2,40.00%,6,0,0.00%,0,0,0,0,0,4db2abec1f,0,0,0,n/a,n/a,n/a,n/a,n/a,n/a,n/a,n/a,n/a,n/a,n/a,n/a,n/a,n/a
"Mashal & Baqar's RSPC Updates","*|COUPLE|*'s Wedding Film Collection: Now Streaming! 🎥","Guest Content Notifications","Apr 15, 2018 07:01 pm",Sunday,7,7,0,0,0,0,0,3,42.86%,8,1,14.29%,2,0,0,0,11577,7f3caef2f4,0,0,0,n/a,n/a,n/a,n/a,n/a,n/a,n/a,n/a,n/a,n/a,n/a,n/a,n/a,n/a
"Sapna & Shyam's RSPC Updates","Sapna & Shyam's Wedding Film Collection: Feature Film Now Streaming! 🎥","Guest Content Notifications","Apr 15, 2018 07:03 pm",Sunday,33,30,3,0,3,0,0,11,36.67%,40,7,23.33%,52,0,0,0,11577,87f539f79e,0,0,0,n/a,n/a,n/a,n/a,n/a,n/a,n/a,n/a,n/a,n/a,n/a,n/a,n/a,n/a
"Surina & Hiren's RSPC Updates","Surina & Hiren's Wedding Film Collection: Now Streaming! 🎥","Guest Content Notifications","May 24, 2018 10:01 pm",Thursday,14,14,0,0,0,0,0,10,71.43%,31,3,21.43%,16,0,0,0,11577,3cd5ef0acd,0,0,0,n/a,n/a,n/a,n/a,n/a,n/a,n/a,n/a,n/a,n/a,n/a,n/a,n/a,n/a
"Surina & Hiren's RSPC Updates","Surina & Hiren's Wedding Film Collection: Now Streaming! 🎥","Guest Content Notifications","Jun 03, 2018 11:01 pm",Sunday,17,16,1,0,1,0,0,11,68.75%,54,7,43.75%,30,0,0,0,11577,9f42a3bf25,0,0,0,n/a,n/a,n/a,n/a,n/a,n/a,n/a,n/a,n/a,n/a,n/a,n/a,n/a,n/a
"Surina & Hiren's RSPC Updates","Surina & Hiren's Wedding Film Collection: Now Streaming! 🎥","Guest Content Notifications","Jun 10, 2018 11:02 pm",Sunday,35,32,2,1,3,0,0,21,65.63%,48,11,34.38%,17,0,0,0,11577,3275e342c9,0,0,0,n/a,n/a,n/a,n/a,n/a,n/a,n/a,n/a,n/a,n/a,n/a,n/a,n/a,n/a
"Ruchi & Vishal's RSPC Updates","Ruchi & Vishal's Wedding Film Collection: Now Streaming! 🎥","Guest Content Notifications","Jun 22, 2018 11:01 am",Friday,14,14,0,0,0,0,0,10,71.43%,60,5,35.71%,7,0,0,0,11577,a4619fb1ca,0,0,0,n/a,n/a,n/a,n/a,n/a,n/a,n/a,n/a,n/a,n/a,n/a,n/a,n/a,n/a
"Sejal & Shaleen's RSPC Updates","*|COUPLE|*'s Wedding Film Collection: Now Streaming! 🎥","Guest Content Notifications","Jun 27, 2018 09:02 pm",Wednesday,11,11,0,0,0,0,0,7,63.64%,30,4,36.36%,27,0,0,0,11577,aff384ac69,0,0,0,n/a,n/a,n/a,n/a,n/a,n/a,n/a,n/a,n/a,n/a,n/a,n/a,n/a,n/a
"Yanet & Jose Manuel's RSPC Updates","Yanet & Jose Manuel's Wedding Film Collection: Now Streaming! 🎥","Guest Content Notifications","Jun 27, 2018 09:03 pm",Wednesday,13,13,0,0,0,0,0,4,30.77%,14,2,15.38%,6,0,0,0,11577,1bf79761e4,0,0,0,n/a,n/a,n/a,n/a,n/a,n/a,n/a,n/a,n/a,n/a,n/a,n/a,n/a,n/a
"Shaili & Rahul's RSPC Updates","Shaili & Rahul's Wedding Film Collection: Now Streaming! 🎥","Guest Content Notifications","Jun 29, 2018 11:03 am",Friday,5,5,0,0,0,0,0,4,80.00%,4,0,0.00%,0,0,0,0,11577,35479286e2,0,0,0,n/a,n/a,n/a,n/a,n/a,n/a,n/a,n/a,n/a,n/a,n/a,n/a,n/a,n/a
"Diana & Shaun's RSPC Updates","Diana & Shaun's Wedding Film Collection: Now Streaming! 🎥","Guest Content Notifications","Jul 01, 2018 12:01 pm",Sunday,8,8,0,0,0,0,0,6,75.00%,27,3,37.50%,6,0,0,0,0,22fe7daa09,0,0,0,n/a,n/a,n/a,n/a,n/a,n/a,n/a,n/a,n/a,n/a,n/a,n/a,n/a,n/a
"Yanet & Jose Manuel's RSPC Updates","Yanet & Jose Manuel's Wedding Film Collection: Now Streaming! 🎥","Guest Content Notifications","Jul 04, 2018 09:02 pm",Wednesday,15,15,0,0,0,0,0,10,66.67%,28,4,26.67%,4,1,0,0,11577,c0b009523f,0,0,0,n/a,n/a,n/a,n/a,n/a,n/a,n/a,n/a,n/a,n/a,n/a,n/a,n/a,n/a
"Sejal & Shaleen's RSPC Updates","*|COUPLE|*'s Wedding Film Collection: Now Streaming! 🎥","Guest Content Notifications","Jul 04, 2018 09:02 pm",Wednesday,15,15,0,0,0,0,0,9,60.00%,25,3,20.00%,4,0,0,0,11577,08c14b6cdc,0,0,0,n/a,n/a,n/a,n/a,n/a,n/a,n/a,n/a,n/a,n/a,n/a,n/a,n/a,n/a
"Sejal & Shaleen's RSPC Updates","*|COUPLE|*'s Wedding Film Collection: Now Streaming! 🎥","Guest Content Notifications","Jul 11, 2018 09:02 pm",Wednesday,16,16,0,0,0,0,0,8,50.00%,28,3,18.75%,3,0,0,0,11577,6c337ce91e,0,0,0,n/a,n/a,n/a,n/a,n/a,n/a,n/a,n/a,n/a,n/a,n/a,n/a,n/a,n/a
"Ruchi & Vishal's RSPC Updates","Ruchi & Vishal's Wedding Film Collection: Now Streaming! 🎥","Guest Content Notifications","Jul 19, 2018 09:03 am",Thursday,15,15,0,0,0,0,0,12,80.00%,38,7,46.67%,16,0,0,0,11577,f4dab1ec11,0,0,0,n/a,n/a,n/a,n/a,n/a,n/a,n/a,n/a,n/a,n/a,n/a,n/a,n/a,n/a
"Yanet & Jose Manuel's RSPC Updates","Yanet & Jose Manuel's Wedding Film Collection: Now Streaming! 🎥","Guest Content Notifications","Jul 25, 2018 09:01 pm",Wednesday,14,14,0,0,0,0,0,8,57.14%,29,3,21.43%,3,0,0,0,11577,1006177982,0,0,0,n/a,n/a,n/a,n/a,n/a,n/a,n/a,n/a,n/a,n/a,n/a,n/a,n/a,n/a
"Sejal & Shaleen's RSPC Updates","*|COUPLE|*'s Wedding Film Collection: Now Streaming! 🎥","Guest Content Notifications","Jul 25, 2018 09:03 pm",Wednesday,16,16,0,0,0,0,0,7,43.75%,12,1,6.25%,1,1,0,0,11577,51f91a8167,0,0,0,n/a,n/a,n/a,n/a,n/a,n/a,n/a,n/a,n/a,n/a,n/a,n/a,n/a,n/a
"Geraldine & Daniel's RSPC Updates","Geraldine & Daniel's Wedding Film Collection: Now Streaming! 🎥","Guest Content Notifications","Aug 04, 2018 10:02 pm",Saturday,9,9,0,0,0,0,0,6,66.67%,8,2,22.22%,3,0,0,0,11577,4660439947,0,0,0,n/a,n/a,n/a,n/a,n/a,n/a,n/a,n/a,n/a,n/a,n/a,n/a,n/a,n/a
"Diana & Shaun's RSPC Updates","Diana & Shaun's Wedding Film Collection: Now Streaming! 🎥","Guest Content Notifications","Sep 02, 2018 12:02 pm",Sunday,11,11,0,0,0,0,0,5,45.45%,55,2,18.18%,76,0,0,0,0,8b585826ba,0,0,0,n/a,n/a,n/a,n/a,n/a,n/a,n/a,n/a,n/a,n/a,n/a,n/a,n/a,n/a
"Vendor Partnership | Survey","*|VENDORNAME|*, we want to feature you on our wedding media platform. 👊","Vendor Partnership | Survey","Sep 23, 2018 01:03 am",Sunday,159,157,2,0,2,0,0,91,57.96%,269,26,16.56%,34,0,0,0,0,9d02ed69f3,0,0,0,0.00%,$0.53,$0.00,2,0,7,0.00%,00:50,0.00%,$0.00,0,0.00%,$0.00,$0.00
"[Re-sent] Vendor Partnership | Survey","*|VENDORNAME|*, we want to feature you on our wedding media platform. 👊","Vendor Partnership | Survey","Sep 24, 2018 07:46 am",Monday,81,79,2,0,2,0,0,26,32.91%,40,7,8.86%,9,0,0,0,0,526d9ad90a,0,0,0,0.00%,$0.27,$0.00,1,1,1,100.00%,00:00,0.00%,$0.00,0,0.00%,$0.00,$0.00
"Sibyl & Jithin's RSPC Updates","Sibyl & Jithin's Wedding Film Collection: Now Streaming! 🎥","Guest Content Notifications","Sep 28, 2018 11:02 am",Friday,5,5,0,0,0,0,0,4,80.00%,49,1,20.00%,8,0,0,0,11577,fa01283f75,0,0,0,n/a,n/a,n/a,n/a,n/a,n/a,n/a,n/a,n/a,n/a,n/a,n/a,n/a,n/a
"Sibyl & Jithin's RSPC Updates","Sibyl & Jithin's Wedding Film Collection: Now Streaming! 🎥","Guest Content Notifications","Oct 05, 2018 11:03 am",Friday,5,5,0,0,0,0,0,3,60.00%,3,0,0.00%,0,0,0,0,11577,c1884d50e4,0,0,0,n/a,n/a,n/a,n/a,n/a,n/a,n/a,n/a,n/a,n/a,n/a,n/a,n/a,n/a
"Shaili & Rahul's RSPC Updates","Shaili & Rahul's Wedding Film Collection: Now Streaming! 🎥","Guest Content Notifications","Oct 19, 2018 11:03 am",Friday,10,9,0,1,1,0,0,6,66.67%,88,4,44.44%,83,0,0,0,11577,b95ae6a216,0,0,0,n/a,n/a,n/a,n/a,n/a,n/a,n/a,n/a,n/a,n/a,n/a,n/a,n/a,n/a
test,test,"Guest Content Notifications","Aug 06, 2023 10:50 am",Sunday,1,1,0,0,0,0,0,2,200.00%,6,0,0.00%,0,0,0,0,0,c8a87b2da4,0,0,0,n/a,n/a,n/a,n/a,n/a,n/a,n/a,n/a,n/a,n/a,n/a,n/a,n/a,n/a
"test (copy 01)",test,"Guest Content Notifications","Aug 06, 2023 11:12 am",Sunday,1,1,0,0,0,0,0,2,200.00%,3,0,0.00%,0,0,0,0,0,9fcfed28a1,0,0,0,n/a,n/a,n/a,n/a,n/a,n/a,n/a,n/a,n/a,n/a,n/a,n/a,n/a,n/a
"test (copy 02)",test,"Guest Content Notifications","Aug 06, 2023 12:58 pm",Sunday,1,1,0,0,0,0,0,2,200.00%,2,0,0.00%,0,0,0,0,0,a821d165f2,0,0,0,n/a,n/a,n/a,n/a,n/a,n/a,n/a,n/a,n/a,n/a,n/a,n/a,n/a,n/a
